{"cameraMode":{"drawMode":0,"name":"Shaded","section":"Shading Mode"},"sceneLighting":true,"audioPlay":false,"sceneViewState":{"showFog":false,"showMaterialUpdate":false,"showSkybox":false,"showFlares":false,"showImageEffects":false,"showParticleSystems":false},"in2DMode":false,"pivot":{"x":2.746610641479492,"y":0.652503490447998,"z":-0.5980411767959595},"rotation":{"x":0.28350159525871279,"y":0.5938904285430908,"z":-0.23541735112667085,"w":0.715192973613739},"size":4.998080253601074,"orthographic":false}