{"cameraMode":{"drawMode":0,"name":"Shaded","section":"Shading Mode"},"sceneLighting":false,"audioPlay":false,"sceneViewState":{"showFog":false,"showMaterialUpdate":false,"showSkybox":false,"showFlares":false,"showImageEffects":false,"showParticleSystems":false},"in2DMode":false,"pivot":{"x":-2.608844757080078,"y":-0.404895544052124,"z":1.6258749961853028},"rotation":{"x":0.1897789090871811,"y":-0.06768622994422913,"z":0.013115567155182362,"w":0.9794041514396668},"size":7.143134593963623,"orthographic":false}