{"cameraMode":{"drawMode":0,"name":"Shaded","section":"Shading Mode"},"sceneLighting":true,"audioPlay":false,"sceneViewState":{"showFog":false,"showMaterialUpdate":false,"showSkybox":false,"showFlares":false,"showImageEffects":false,"showParticleSystems":false},"in2DMode":false,"pivot":{"x":-1.0117783546447755,"y":1.6889704465866089,"z":1.2464641332626343},"rotation":{"x":0.04343090206384659,"y":0.9455632567405701,"z":-0.2897118031978607,"w":0.14174813032150269},"size":2.666025161743164,"orthographic":false}