{"cameraMode":{"drawMode":0,"name":"Shaded","section":"Shading Mode"},"sceneLighting":true,"audioPlay":false,"sceneViewState":{"showFog":false,"showMaterialUpdate":false,"showSkybox":false,"showFlares":false,"showImageEffects":false,"showParticleSystems":false},"in2DMode":false,"pivot":{"x":7.785220623016357,"y":16.16015625,"z":3.981447219848633},"rotation":{"x":0.5603847503662109,"y":0.009937910363078118,"z":-0.006725382525473833,"w":0.8281472325325012},"size":47.38090896606445,"orthographic":false}